starttime	seconds	ctime	dtime	ttime	wait
Sun Jul 25 20:48:07 2021	1627271287	9	10	19	4
Sun Jul 25 20:48:08 2021	1627271288	54	8	62	7
Sun Jul 25 20:48:08 2021	1627271288	61	33	94	32
Sun Jul 25 20:48:11 2021	1627271291	83	24	107	19
Sun Jul 25 20:48:12 2021	1627271292	85	24	109	24
Sun Jul 25 20:48:11 2021	1627271291	55	55	110	34
Sun Jul 25 20:48:14 2021	1627271294	83	28	111	19
Sun Jul 25 20:48:08 2021	1627271288	69	47	116	35
Sun Jul 25 20:48:12 2021	1627271292	88	30	118	30
Sun Jul 25 20:48:08 2021	1627271288	79	43	122	12
Sun Jul 25 20:48:11 2021	1627271291	90	40	131	15
Sun Jul 25 20:48:07 2021	1627271287	76	58	133	19
Sun Jul 25 20:48:07 2021	1627271287	79	58	137	19
Sun Jul 25 20:48:07 2021	1627271287	54	86	140	63
Sun Jul 25 20:48:12 2021	1627271292	114	28	143	28
Sun Jul 25 20:48:12 2021	1627271292	116	33	149	30
Sun Jul 25 20:48:08 2021	1627271288	131	22	154	9
Sun Jul 25 20:48:11 2021	1627271291	88	67	155	59
Sun Jul 25 20:48:12 2021	1627271292	117	44	161	33
Sun Jul 25 20:48:07 2021	1627271287	102	68	170	53
Sun Jul 25 20:48:07 2021	1627271287	70	105	174	88
Sun Jul 25 20:48:11 2021	1627271291	79	97	176	36
Sun Jul 25 20:48:07 2021	1627271287	127	57	184	47
Sun Jul 25 20:48:08 2021	1627271288	108	77	184	71
Sun Jul 25 20:48:11 2021	1627271291	121	66	186	55
Sun Jul 25 20:48:07 2021	1627271287	101	88	189	71
Sun Jul 25 20:48:14 2021	1627271294	117	72	190	72
Sun Jul 25 20:48:07 2021	1627271287	170	21	191	21
Sun Jul 25 20:48:08 2021	1627271288	103	89	191	59
Sun Jul 25 20:48:11 2021	1627271291	146	49	194	40
Sun Jul 25 20:48:16 2021	1627271296	139	57	196	47
Sun Jul 25 20:48:08 2021	1627271288	118	83	200	78
Sun Jul 25 20:48:13 2021	1627271293	178	23	201	19
Sun Jul 25 20:48:07 2021	1627271287	158	44	203	34
Sun Jul 25 20:48:14 2021	1627271294	91	112	203	48
Sun Jul 25 20:48:12 2021	1627271292	162	42	205	34
Sun Jul 25 20:48:07 2021	1627271287	161	44	205	9
Sun Jul 25 20:48:11 2021	1627271291	96	110	206	80
Sun Jul 25 20:48:11 2021	1627271291	166	41	207	17
Sun Jul 25 20:48:16 2021	1627271296	126	82	207	63
Sun Jul 25 20:48:07 2021	1627271287	162	46	208	40
Sun Jul 25 20:48:12 2021	1627271292	150	59	209	59
Sun Jul 25 20:48:08 2021	1627271288	173	39	212	38
Sun Jul 25 20:48:07 2021	1627271287	168	45	214	34
Sun Jul 25 20:48:08 2021	1627271288	129	86	215	44
Sun Jul 25 20:48:13 2021	1627271293	99	116	215	56
Sun Jul 25 20:48:11 2021	1627271291	121	94	216	93
Sun Jul 25 20:48:12 2021	1627271292	173	43	216	34
Sun Jul 25 20:48:13 2021	1627271293	129	89	218	84
Sun Jul 25 20:48:08 2021	1627271288	138	82	221	76
Sun Jul 25 20:48:11 2021	1627271291	162	58	221	48
Sun Jul 25 20:48:12 2021	1627271292	211	10	221	9
Sun Jul 25 20:48:08 2021	1627271288	138	83	222	21
Sun Jul 25 20:48:13 2021	1627271293	160	62	222	58
Sun Jul 25 20:48:07 2021	1627271287	117	105	223	95
Sun Jul 25 20:48:16 2021	1627271296	154	69	223	27
Sun Jul 25 20:48:11 2021	1627271291	206	18	224	14
Sun Jul 25 20:48:10 2021	1627271290	69	156	225	101
Sun Jul 25 20:48:07 2021	1627271287	173	57	230	36
Sun Jul 25 20:48:07 2021	1627271287	180	56	235	32
Sun Jul 25 20:48:07 2021	1627271287	179	56	235	36
Sun Jul 25 20:48:13 2021	1627271293	155	84	238	26
Sun Jul 25 20:48:13 2021	1627271293	159	82	241	59
Sun Jul 25 20:48:11 2021	1627271291	130	111	241	55
Sun Jul 25 20:48:12 2021	1627271292	120	125	245	79
Sun Jul 25 20:48:08 2021	1627271288	196	51	247	19
Sun Jul 25 20:48:13 2021	1627271293	152	98	250	72
Sun Jul 25 20:48:08 2021	1627271288	168	86	255	47
Sun Jul 25 20:48:07 2021	1627271287	93	164	257	136
Sun Jul 25 20:48:11 2021	1627271291	204	55	259	53
Sun Jul 25 20:48:12 2021	1627271292	133	126	259	84
Sun Jul 25 20:48:11 2021	1627271291	146	115	261	86
Sun Jul 25 20:48:12 2021	1627271292	206	55	261	45
Sun Jul 25 20:48:07 2021	1627271287	97	165	262	139
Sun Jul 25 20:48:12 2021	1627271292	140	123	263	83
Sun Jul 25 20:48:07 2021	1627271287	100	165	265	136
Sun Jul 25 20:48:16 2021	1627271296	202	63	265	16
Sun Jul 25 20:48:14 2021	1627271294	146	119	266	96
Sun Jul 25 20:48:12 2021	1627271292	254	13	267	12
Sun Jul 25 20:48:11 2021	1627271291	152	115	267	114
Sun Jul 25 20:48:12 2021	1627271292	196	72	268	60
Sun Jul 25 20:48:13 2021	1627271293	212	61	273	33
Sun Jul 25 20:48:07 2021	1627271287	110	164	275	136
Sun Jul 25 20:48:13 2021	1627271293	118	157	275	137
Sun Jul 25 20:48:08 2021	1627271288	108	168	276	51
Sun Jul 25 20:48:12 2021	1627271292	71	205	277	192
Sun Jul 25 20:48:11 2021	1627271291	157	122	279	115
Sun Jul 25 20:48:11 2021	1627271291	231	50	280	41
Sun Jul 25 20:48:07 2021	1627271287	239	43	281	27
Sun Jul 25 20:48:07 2021	1627271287	218	63	281	52
Sun Jul 25 20:48:11 2021	1627271291	229	56	285	49
Sun Jul 25 20:48:12 2021	1627271292	164	123	287	78
Sun Jul 25 20:48:14 2021	1627271294	174	114	288	49
Sun Jul 25 20:48:11 2021	1627271291	235	54	288	47
Sun Jul 25 20:48:08 2021	1627271288	140	164	303	39
Sun Jul 25 20:48:16 2021	1627271296	220	83	303	64
Sun Jul 25 20:48:16 2021	1627271296	262	48	311	32
Sun Jul 25 20:48:12 2021	1627271292	188	125	313	79
Sun Jul 25 20:48:14 2021	1627271294	177	137	315	94
Sun Jul 25 20:48:16 2021	1627271296	276	40	316	26
Sun Jul 25 20:48:11 2021	1627271291	189	128	318	101
Sun Jul 25 20:48:07 2021	1627271287	185	133	319	61
Sun Jul 25 20:48:16 2021	1627271296	178	141	319	116
Sun Jul 25 20:48:07 2021	1627271287	246	76	322	73
Sun Jul 25 20:48:14 2021	1627271294	189	134	323	75
Sun Jul 25 20:48:13 2021	1627271293	242	81	323	59
Sun Jul 25 20:48:07 2021	1627271287	247	77	324	72
Sun Jul 25 20:48:07 2021	1627271287	262	62	324	58
Sun Jul 25 20:48:07 2021	1627271287	246	78	325	72
Sun Jul 25 20:48:07 2021	1627271287	71	254	325	94
Sun Jul 25 20:48:07 2021	1627271287	246	79	325	72
Sun Jul 25 20:48:07 2021	1627271287	249	77	325	73
Sun Jul 25 20:48:07 2021	1627271287	249	77	325	72
Sun Jul 25 20:48:07 2021	1627271287	246	80	326	72
Sun Jul 25 20:48:07 2021	1627271287	247	79	327	72
Sun Jul 25 20:48:07 2021	1627271287	246	81	327	72
Sun Jul 25 20:48:07 2021	1627271287	249	78	327	72
Sun Jul 25 20:48:08 2021	1627271288	287	41	328	33
Sun Jul 25 20:48:07 2021	1627271287	248	80	328	72
Sun Jul 25 20:48:07 2021	1627271287	250	79	329	72
Sun Jul 25 20:48:07 2021	1627271287	249	80	329	72
Sun Jul 25 20:48:07 2021	1627271287	248	82	329	72
Sun Jul 25 20:48:07 2021	1627271287	249	81	330	72
Sun Jul 25 20:48:07 2021	1627271287	249	81	330	72
Sun Jul 25 20:48:07 2021	1627271287	248	83	330	71
Sun Jul 25 20:48:07 2021	1627271287	248	82	330	72
Sun Jul 25 20:48:07 2021	1627271287	247	83	330	71
Sun Jul 25 20:48:07 2021	1627271287	248	83	331	71
Sun Jul 25 20:48:09 2021	1627271289	269	62	331	57
Sun Jul 25 20:48:07 2021	1627271287	249	82	332	72
Sun Jul 25 20:48:07 2021	1627271287	249	84	332	71
Sun Jul 25 20:48:07 2021	1627271287	248	84	332	71
Sun Jul 25 20:48:07 2021	1627271287	250	83	333	71
Sun Jul 25 20:48:07 2021	1627271287	248	86	334	71
Sun Jul 25 20:48:07 2021	1627271287	249	85	334	71
Sun Jul 25 20:48:07 2021	1627271287	250	84	334	71
Sun Jul 25 20:48:07 2021	1627271287	248	87	335	71
Sun Jul 25 20:48:07 2021	1627271287	251	85	336	71
Sun Jul 25 20:48:14 2021	1627271294	210	126	336	71
Sun Jul 25 20:48:07 2021	1627271287	262	75	337	59
Sun Jul 25 20:48:07 2021	1627271287	251	86	337	71
Sun Jul 25 20:48:07 2021	1627271287	251	86	338	71
Sun Jul 25 20:48:07 2021	1627271287	319	19	338	18
Sun Jul 25 20:48:10 2021	1627271290	279	60	340	53
Sun Jul 25 20:48:07 2021	1627271287	320	20	340	18
Sun Jul 25 20:48:07 2021	1627271287	321	20	341	18
Sun Jul 25 20:48:07 2021	1627271287	299	43	342	42
Sun Jul 25 20:48:11 2021	1627271291	291	54	345	52
Sun Jul 25 20:48:14 2021	1627271294	277	70	346	61
Sun Jul 25 20:48:16 2021	1627271296	239	113	353	90
Sun Jul 25 20:48:12 2021	1627271292	151	204	355	66
Sun Jul 25 20:48:10 2021	1627271290	224	133	357	33
Sun Jul 25 20:48:17 2021	1627271297	185	174	358	84
Sun Jul 25 20:48:09 2021	1627271289	260	100	360	42
Sun Jul 25 20:48:13 2021	1627271293	225	137	362	85
Sun Jul 25 20:48:08 2021	1627271288	192	173	365	71
Sun Jul 25 20:48:14 2021	1627271294	237	130	367	91
Sun Jul 25 20:48:09 2021	1627271289	278	94	372	92
Sun Jul 25 20:48:09 2021	1627271289	261	112	374	75
Sun Jul 25 20:48:13 2021	1627271293	216	158	374	145
Sun Jul 25 20:48:10 2021	1627271290	316	59	375	53
Sun Jul 25 20:48:13 2021	1627271293	160	216	376	114
Sun Jul 25 20:48:09 2021	1627271289	301	76	377	70
Sun Jul 25 20:48:10 2021	1627271290	315	64	378	41
Sun Jul 25 20:48:11 2021	1627271291	307	72	379	59
Sun Jul 25 20:48:09 2021	1627271289	274	105	379	87
Sun Jul 25 20:48:16 2021	1627271296	284	96	380	58
Sun Jul 25 20:48:08 2021	1627271288	284	101	385	87
Sun Jul 25 20:48:14 2021	1627271294	347	38	385	21
Sun Jul 25 20:48:11 2021	1627271291	127	259	386	31
Sun Jul 25 20:48:10 2021	1627271290	236	151	387	136
Sun Jul 25 20:48:13 2021	1627271293	268	119	387	59
Sun Jul 25 20:48:10 2021	1627271290	326	61	388	41
Sun Jul 25 20:48:10 2021	1627271290	266	126	391	110
Sun Jul 25 20:48:10 2021	1627271290	264	128	392	28
Sun Jul 25 20:48:09 2021	1627271289	206	189	395	74
Sun Jul 25 20:48:10 2021	1627271290	339	56	395	41
Sun Jul 25 20:48:14 2021	1627271294	172	225	397	145
Sun Jul 25 20:48:12 2021	1627271292	202	197	399	39
Sun Jul 25 20:48:14 2021	1627271294	203	196	399	96
Sun Jul 25 20:48:16 2021	1627271296	262	138	400	114
Sun Jul 25 20:48:07 2021	1627271287	305	96	401	70
Sun Jul 25 20:48:10 2021	1627271290	203	199	402	196
Sun Jul 25 20:48:13 2021	1627271293	258	145	403	126
Sun Jul 25 20:48:16 2021	1627271296	187	216	403	148
Sun Jul 25 20:48:07 2021	1627271287	242	162	404	116
Sun Jul 25 20:48:13 2021	1627271293	322	83	405	61
Sun Jul 25 20:48:07 2021	1627271287	311	96	406	62
Sun Jul 25 20:48:08 2021	1627271288	230	179	408	154
Sun Jul 25 20:48:07 2021	1627271287	322	87	408	42
Sun Jul 25 20:48:07 2021	1627271287	320	88	409	54
Sun Jul 25 20:48:13 2021	1627271293	217	193	410	178
Sun Jul 25 20:48:07 2021	1627271287	322	89	410	65
Sun Jul 25 20:48:07 2021	1627271287	323	87	411	42
Sun Jul 25 20:48:07 2021	1627271287	323	88	411	42
Sun Jul 25 20:48:13 2021	1627271293	335	77	412	46
Sun Jul 25 20:48:13 2021	1627271293	262	151	413	94
Sun Jul 25 20:48:09 2021	1627271289	335	80	415	53
Sun Jul 25 20:48:14 2021	1627271294	272	143	415	98
Sun Jul 25 20:48:07 2021	1627271287	372	45	417	43
Sun Jul 25 20:48:16 2021	1627271296	320	98	418	83
Sun Jul 25 20:48:13 2021	1627271293	188	232	419	63
Sun Jul 25 20:48:07 2021	1627271287	118	301	420	115
Sun Jul 25 20:48:16 2021	1627271296	227	194	421	80
Sun Jul 25 20:48:07 2021	1627271287	378	45	423	43
Sun Jul 25 20:48:11 2021	1627271291	264	162	426	126
Sun Jul 25 20:48:08 2021	1627271288	181	246	427	157
Sun Jul 25 20:48:07 2021	1627271287	323	107	431	107
Sun Jul 25 20:48:14 2021	1627271294	156	275	431	188
Sun Jul 25 20:48:09 2021	1627271289	386	45	432	21
Sun Jul 25 20:48:10 2021	1627271290	276	157	433	101
Sun Jul 25 20:48:10 2021	1627271290	237	197	435	149
Sun Jul 25 20:48:16 2021	1627271296	378	58	436	37
Sun Jul 25 20:48:09 2021	1627271289	353	85	438	41
Sun Jul 25 20:48:08 2021	1627271288	328	110	438	56
Sun Jul 25 20:48:16 2021	1627271296	343	97	440	83
Sun Jul 25 20:48:07 2021	1627271287	177	264	442	147
Sun Jul 25 20:48:09 2021	1627271289	299	144	443	134
Sun Jul 25 20:48:08 2021	1627271288	343	101	444	42
Sun Jul 25 20:48:09 2021	1627271289	235	211	445	165
Sun Jul 25 20:48:16 2021	1627271296	294	153	447	129
Sun Jul 25 20:48:11 2021	1627271291	317	132	449	115
Sun Jul 25 20:48:10 2021	1627271290	294	156	450	98
Sun Jul 25 20:48:07 2021	1627271287	321	133	454	51
Sun Jul 25 20:48:07 2021	1627271287	322	134	455	70
Sun Jul 25 20:48:07 2021	1627271287	322	134	456	71
Sun Jul 25 20:48:10 2021	1627271290	307	148	456	89
Sun Jul 25 20:48:07 2021	1627271287	323	133	457	70
Sun Jul 25 20:48:07 2021	1627271287	323	134	457	71
Sun Jul 25 20:48:12 2021	1627271292	258	204	462	188
Sun Jul 25 20:48:09 2021	1627271289	304	158	463	149
Sun Jul 25 20:48:16 2021	1627271296	199	265	464	180
Sun Jul 25 20:48:08 2021	1627271288	326	139	465	126
Sun Jul 25 20:48:13 2021	1627271293	360	106	465	80
Sun Jul 25 20:48:13 2021	1627271293	241	226	466	192
Sun Jul 25 20:48:08 2021	1627271288	238	232	470	14
Sun Jul 25 20:48:11 2021	1627271291	320	150	470	85
Sun Jul 25 20:48:12 2021	1627271292	171	300	471	233
Sun Jul 25 20:48:07 2021	1627271287	339	132	471	118
Sun Jul 25 20:48:16 2021	1627271296	430	41	471	35
Sun Jul 25 20:48:10 2021	1627271290	234	238	472	221
Sun Jul 25 20:48:10 2021	1627271290	318	156	474	98
Sun Jul 25 20:48:11 2021	1627271291	314	164	478	157
Sun Jul 25 20:48:09 2021	1627271289	300	178	478	121
Sun Jul 25 20:48:13 2021	1627271293	322	157	479	143
Sun Jul 25 20:48:13 2021	1627271293	259	223	481	77
Sun Jul 25 20:48:13 2021	1627271293	346	137	483	101
Sun Jul 25 20:48:14 2021	1627271294	353	131	484	91
Sun Jul 25 20:48:08 2021	1627271288	336	148	484	32
Sun Jul 25 20:48:11 2021	1627271291	321	165	485	110
Sun Jul 25 20:48:14 2021	1627271294	332	155	486	59
Sun Jul 25 20:48:13 2021	1627271293	330	159	488	137
Sun Jul 25 20:48:14 2021	1627271294	296	194	490	96
Sun Jul 25 20:48:10 2021	1627271290	295	196	491	148
Sun Jul 25 20:48:12 2021	1627271292	371	122	492	68
Sun Jul 25 20:48:11 2021	1627271291	418	75	493	42
Sun Jul 25 20:48:14 2021	1627271294	266	228	494	139
Sun Jul 25 20:48:14 2021	1627271294	330	166	496	73
Sun Jul 25 20:48:09 2021	1627271289	298	198	497	119
Sun Jul 25 20:48:13 2021	1627271293	206	291	498	203
Sun Jul 25 20:48:08 2021	1627271288	343	164	507	91
Sun Jul 25 20:48:10 2021	1627271290	354	153	507	138
Sun Jul 25 20:48:10 2021	1627271290	371	137	507	126
Sun Jul 25 20:48:09 2021	1627271289	360	148	508	135
Sun Jul 25 20:48:14 2021	1627271294	324	193	517	96
Sun Jul 25 20:48:07 2021	1627271287	239	279	518	163
Sun Jul 25 20:48:08 2021	1627271288	271	248	518	216
Sun Jul 25 20:48:12 2021	1627271292	490	29	519	27
Sun Jul 25 20:48:13 2021	1627271293	286	233	519	212
Sun Jul 25 20:48:10 2021	1627271290	389	133	522	15
Sun Jul 25 20:48:13 2021	1627271293	384	139	523	111
Sun Jul 25 20:48:10 2021	1627271290	388	135	524	127
Sun Jul 25 20:48:07 2021	1627271287	246	278	524	163
Sun Jul 25 20:48:13 2021	1627271293	292	233	525	56
Sun Jul 25 20:48:13 2021	1627271293	379	150	528	149
Sun Jul 25 20:48:09 2021	1627271289	326	203	530	184
Sun Jul 25 20:48:09 2021	1627271289	417	114	530	79
Sun Jul 25 20:48:16 2021	1627271296	373	158	531	122
Sun Jul 25 20:48:10 2021	1627271290	396	135	531	67
Sun Jul 25 20:48:11 2021	1627271291	370	163	532	76
Sun Jul 25 20:48:07 2021	1627271287	249	284	533	181
Sun Jul 25 20:48:07 2021	1627271287	253	284	537	181
Sun Jul 25 20:48:13 2021	1627271293	257	281	538	128
Sun Jul 25 20:48:13 2021	1627271293	434	105	539	80
Sun Jul 25 20:48:07 2021	1627271287	265	275	540	75
Sun Jul 25 20:48:14 2021	1627271294	234	306	540	101
Sun Jul 25 20:48:14 2021	1627271294	228	313	541	121
Sun Jul 25 20:48:14 2021	1627271294	313	229	541	139
Sun Jul 25 20:48:13 2021	1627271293	473	69	542	24
Sun Jul 25 20:48:07 2021	1627271287	257	285	542	206
Sun Jul 25 20:48:14 2021	1627271294	378	165	543	73
Sun Jul 25 20:48:14 2021	1627271294	410	134	544	95
Sun Jul 25 20:48:11 2021	1627271291	423	124	547	83
Sun Jul 25 20:48:16 2021	1627271296	373	177	550	169
Sun Jul 25 20:48:08 2021	1627271288	216	335	551	231
Sun Jul 25 20:48:07 2021	1627271287	272	280	553	81
Sun Jul 25 20:48:09 2021	1627271289	391	163	553	143
Sun Jul 25 20:48:08 2021	1627271288	332	221	553	117
Sun Jul 25 20:48:13 2021	1627271293	461	94	556	35
Sun Jul 25 20:48:07 2021	1627271287	283	273	557	85
Sun Jul 25 20:48:11 2021	1627271291	446	112	558	86
Sun Jul 25 20:48:07 2021	1627271287	279	280	558	79
Sun Jul 25 20:48:09 2021	1627271289	330	229	560	94
Sun Jul 25 20:48:12 2021	1627271292	380	185	565	179
Sun Jul 25 20:48:14 2021	1627271294	372	195	567	95
Sun Jul 25 20:48:12 2021	1627271292	521	46	568	45
Sun Jul 25 20:48:14 2021	1627271294	312	256	568	196
Sun Jul 25 20:48:07 2021	1627271287	290	279	569	125
Sun Jul 25 20:48:13 2021	1627271293	332	238	570	217
Sun Jul 25 20:48:12 2021	1627271292	542	29	572	28
Sun Jul 25 20:48:11 2021	1627271291	385	187	572	112
Sun Jul 25 20:48:15 2021	1627271295	401	176	577	72
Sun Jul 25 20:48:16 2021	1627271296	342	236	578	176
Sun Jul 25 20:48:10 2021	1627271290	377	202	579	198
Sun Jul 25 20:48:14 2021	1627271294	444	135	579	97
Sun Jul 25 20:48:16 2021	1627271296	347	234	581	222
Sun Jul 25 20:48:09 2021	1627271289	314	268	582	208
Sun Jul 25 20:48:09 2021	1627271289	429	156	585	97
Sun Jul 25 20:48:10 2021	1627271290	452	136	588	126
Sun Jul 25 20:48:09 2021	1627271289	266	323	589	116
Sun Jul 25 20:48:16 2021	1627271296	317	273	590	105
Sun Jul 25 20:48:16 2021	1627271296	497	95	592	91
Sun Jul 25 20:48:12 2021	1627271292	523	70	593	61
Sun Jul 25 20:48:07 2021	1627271287	323	275	598	152
Sun Jul 25 20:48:13 2021	1627271293	273	327	600	272
Sun Jul 25 20:48:07 2021	1627271287	320	282	602	189
Sun Jul 25 20:48:07 2021	1627271287	319	285	604	189
Sun Jul 25 20:48:07 2021	1627271287	320	284	604	189
Sun Jul 25 20:48:13 2021	1627271293	292	315	607	129
Sun Jul 25 20:48:07 2021	1627271287	322	286	607	189
Sun Jul 25 20:48:07 2021	1627271287	322	285	607	189
Sun Jul 25 20:48:13 2021	1627271293	382	229	611	226
Sun Jul 25 20:48:07 2021	1627271287	320	294	614	108
Sun Jul 25 20:48:07 2021	1627271287	321	293	614	108
Sun Jul 25 20:48:11 2021	1627271291	502	114	616	86
Sun Jul 25 20:48:12 2021	1627271292	380	237	617	223
Sun Jul 25 20:48:12 2021	1627271292	487	132	619	53
Sun Jul 25 20:48:16 2021	1627271296	200	420	620	180
Sun Jul 25 20:48:07 2021	1627271287	322	299	621	148
Sun Jul 25 20:48:07 2021	1627271287	323	298	621	148
Sun Jul 25 20:48:13 2021	1627271293	382	242	624	149
Sun Jul 25 20:48:16 2021	1627271296	325	299	624	199
Sun Jul 25 20:48:07 2021	1627271287	322	303	626	148
Sun Jul 25 20:48:07 2021	1627271287	322	305	626	160
Sun Jul 25 20:48:07 2021	1627271287	324	304	628	160
Sun Jul 25 20:48:09 2021	1627271289	305	323	629	191
Sun Jul 25 20:48:07 2021	1627271287	321	309	629	190
Sun Jul 25 20:48:08 2021	1627271288	528	103	631	41
Sun Jul 25 20:48:16 2021	1627271296	355	278	633	271
Sun Jul 25 20:48:09 2021	1627271289	481	155	636	133
Sun Jul 25 20:48:15 2021	1627271295	499	140	639	60
Sun Jul 25 20:48:12 2021	1627271292	481	160	642	138
Sun Jul 25 20:48:09 2021	1627271289	519	124	642	63
Sun Jul 25 20:48:13 2021	1627271293	398	247	645	234
Sun Jul 25 20:48:16 2021	1627271296	371	274	645	105
Sun Jul 25 20:48:16 2021	1627271296	469	177	646	120
Sun Jul 25 20:48:08 2021	1627271288	394	253	647	180
Sun Jul 25 20:48:10 2021	1627271290	387	260	647	112
Sun Jul 25 20:48:14 2021	1627271294	345	303	648	206
Sun Jul 25 20:48:15 2021	1627271295	508	141	649	60
Sun Jul 25 20:48:11 2021	1627271291	386	265	651	30
Sun Jul 25 20:48:11 2021	1627271291	462	189	652	114
Sun Jul 25 20:48:10 2021	1627271290	380	276	656	227
Sun Jul 25 20:48:10 2021	1627271290	526	130	656	98
Sun Jul 25 20:48:10 2021	1627271290	265	393	657	263
Sun Jul 25 20:48:14 2021	1627271294	491	167	658	73
Sun Jul 25 20:48:09 2021	1627271289	430	231	661	189
Sun Jul 25 20:48:12 2021	1627271292	511	151	662	139
Sun Jul 25 20:48:16 2021	1627271296	387	277	663	191
Sun Jul 25 20:48:09 2021	1627271289	397	266	663	23
Sun Jul 25 20:48:10 2021	1627271290	177	489	666	116
Sun Jul 25 20:48:14 2021	1627271294	510	158	668	64
Sun Jul 25 20:48:10 2021	1627271290	371	298	669	202
Sun Jul 25 20:48:15 2021	1627271295	517	154	671	129
Sun Jul 25 20:48:09 2021	1627271289	404	267	672	208
Sun Jul 25 20:48:10 2021	1627271290	385	287	672	261
Sun Jul 25 20:48:12 2021	1627271292	590	82	672	36
Sun Jul 25 20:48:10 2021	1627271290	523	153	675	116
Sun Jul 25 20:48:16 2021	1627271296	460	215	676	115
Sun Jul 25 20:48:14 2021	1627271294	500	176	676	118
Sun Jul 25 20:48:14 2021	1627271294	541	135	677	99
Sun Jul 25 20:48:09 2021	1627271289	549	130	678	89
Sun Jul 25 20:48:16 2021	1627271296	568	111	679	32
Sun Jul 25 20:48:16 2021	1627271296	411	270	680	251
Sun Jul 25 20:48:08 2021	1627271288	123	558	681	413
Sun Jul 25 20:48:14 2021	1627271294	375	308	683	236
Sun Jul 25 20:48:09 2021	1627271289	461	225	686	203
Sun Jul 25 20:48:16 2021	1627271296	521	166	688	56
Sun Jul 25 20:48:09 2021	1627271289	262	434	695	270
Sun Jul 25 20:48:09 2021	1627271289	541	156	697	136
Sun Jul 25 20:48:14 2021	1627271294	571	134	706	95
Sun Jul 25 20:48:11 2021	1627271291	180	527	707	231
Sun Jul 25 20:48:14 2021	1627271294	431	279	710	72
Sun Jul 25 20:48:16 2021	1627271296	619	93	712	91
Sun Jul 25 20:48:09 2021	1627271289	611	103	714	43
Sun Jul 25 20:48:10 2021	1627271290	440	275	715	212
Sun Jul 25 20:48:16 2021	1627271296	406	310	717	300
Sun Jul 25 20:48:09 2021	1627271289	543	174	717	136
Sun Jul 25 20:48:09 2021	1627271289	565	157	722	101
Sun Jul 25 20:48:13 2021	1627271293	473	251	724	140
Sun Jul 25 20:48:16 2021	1627271296	456	269	725	251
Sun Jul 25 20:48:11 2021	1627271291	535	190	725	123
Sun Jul 25 20:48:10 2021	1627271290	597	129	727	62
Sun Jul 25 20:48:13 2021	1627271293	382	346	729	208
Sun Jul 25 20:48:08 2021	1627271288	587	142	730	64
Sun Jul 25 20:48:12 2021	1627271292	687	44	731	43
Sun Jul 25 20:48:09 2021	1627271289	473	257	731	213
Sun Jul 25 20:48:11 2021	1627271291	640	92	732	39
Sun Jul 25 20:48:10 2021	1627271290	609	126	735	113
Sun Jul 25 20:48:09 2021	1627271289	579	158	737	141
Sun Jul 25 20:48:11 2021	1627271291	365	373	739	326
Sun Jul 25 20:48:13 2021	1627271293	607	133	740	84
Sun Jul 25 20:48:15 2021	1627271295	309	432	741	313
Sun Jul 25 20:48:16 2021	1627271296	564	178	742	163
Sun Jul 25 20:48:10 2021	1627271290	586	156	742	110
Sun Jul 25 20:48:12 2021	1627271292	664	78	743	33
Sun Jul 25 20:48:12 2021	1627271292	695	48	743	41
Sun Jul 25 20:48:16 2021	1627271296	534	209	743	115
Sun Jul 25 20:48:14 2021	1627271294	616	128	744	33
Sun Jul 25 20:48:10 2021	1627271290	619	127	745	124
Sun Jul 25 20:48:08 2021	1627271288	624	126	750	86
Sun Jul 25 20:48:14 2021	1627271294	624	127	751	90
Sun Jul 25 20:48:09 2021	1627271289	328	428	756	258
Sun Jul 25 20:48:16 2021	1627271296	365	391	756	196
Sun Jul 25 20:48:10 2021	1627271290	625	136	761	89
Sun Jul 25 20:48:14 2021	1627271294	484	278	761	72
Sun Jul 25 20:48:09 2021	1627271289	301	461	762	218
Sun Jul 25 20:48:08 2021	1627271288	518	247	765	222
Sun Jul 25 20:48:09 2021	1627271289	527	239	765	131
Sun Jul 25 20:48:16 2021	1627271296	604	162	766	109
Sun Jul 25 20:48:09 2021	1627271289	334	435	769	270
Sun Jul 25 20:48:09 2021	1627271289	499	270	769	231
Sun Jul 25 20:48:16 2021	1627271296	458	312	769	304
Sun Jul 25 20:48:12 2021	1627271292	633	140	772	117
Sun Jul 25 20:48:14 2021	1627271294	468	306	774	249
Sun Jul 25 20:48:08 2021	1627271288	599	176	774	63
Sun Jul 25 20:48:09 2021	1627271289	589	188	776	158
Sun Jul 25 20:48:14 2021	1627271294	552	226	778	154
Sun Jul 25 20:48:12 2021	1627271292	706	73	779	70
Sun Jul 25 20:48:08 2021	1627271288	632	147	779	74
Sun Jul 25 20:48:09 2021	1627271289	524	256	780	241
Sun Jul 25 20:48:11 2021	1627271291	674	106	780	54
Sun Jul 25 20:48:10 2021	1627271290	510	274	783	53
Sun Jul 25 20:48:14 2021	1627271294	204	588	792	484
Sun Jul 25 20:48:10 2021	1627271290	383	412	795	229
Sun Jul 25 20:48:15 2021	1627271295	657	138	795	60
Sun Jul 25 20:48:16 2021	1627271296	650	147	797	135
Sun Jul 25 20:48:13 2021	1627271293	446	351	797	230
Sun Jul 25 20:48:16 2021	1627271296	434	365	798	348
Sun Jul 25 20:48:14 2021	1627271294	524	274	799	207
Sun Jul 25 20:48:15 2021	1627271295	627	174	801	162
Sun Jul 25 20:48:14 2021	1627271294	624	178	802	101
Sun Jul 25 20:48:11 2021	1627271291	445	357	802	327
Sun Jul 25 20:48:10 2021	1627271290	677	126	803	59
Sun Jul 25 20:48:08 2021	1627271288	329	478	808	415
Sun Jul 25 20:48:15 2021	1627271295	591	217	809	202
Sun Jul 25 20:48:08 2021	1627271288	530	278	809	263
Sun Jul 25 20:48:12 2021	1627271292	677	133	810	85
Sun Jul 25 20:48:08 2021	1627271288	673	139	811	132
Sun Jul 25 20:48:14 2021	1627271294	669	143	811	96
Sun Jul 25 20:48:09 2021	1627271289	608	208	816	165
Sun Jul 25 20:48:10 2021	1627271290	412	405	817	177
Sun Jul 25 20:48:14 2021	1627271294	541	276	817	205
Sun Jul 25 20:48:10 2021	1627271290	424	393	817	362
Sun Jul 25 20:48:15 2021	1627271295	633	186	818	121
Sun Jul 25 20:48:16 2021	1627271296	673	145	819	44
Sun Jul 25 20:48:14 2021	1627271294	635	186	821	113
Sun Jul 25 20:48:10 2021	1627271290	617	205	822	161
Sun Jul 25 20:48:10 2021	1627271290	418	404	822	176
Sun Jul 25 20:48:16 2021	1627271296	590	235	825	218
Sun Jul 25 20:48:16 2021	1627271296	469	356	825	243
Sun Jul 25 20:48:08 2021	1627271288	606	220	826	165
Sun Jul 25 20:48:11 2021	1627271291	266	562	828	229
Sun Jul 25 20:48:16 2021	1627271296	652	177	829	175
Sun Jul 25 20:48:14 2021	1627271294	552	278	830	205
Sun Jul 25 20:48:08 2021	1627271288	355	476	831	424
Sun Jul 25 20:48:08 2021	1627271288	676	155	832	145
Sun Jul 25 20:48:08 2021	1627271288	592	241	833	222
Sun Jul 25 20:48:14 2021	1627271294	739	94	833	75
Sun Jul 25 20:48:13 2021	1627271293	592	242	834	225
Sun Jul 25 20:48:10 2021	1627271290	702	135	837	89
Sun Jul 25 20:48:10 2021	1627271290	433	406	838	177
Sun Jul 25 20:48:09 2021	1627271289	436	403	840	182
Sun Jul 25 20:48:14 2021	1627271294	562	279	840	205
Sun Jul 25 20:48:08 2021	1627271288	361	479	841	423
Sun Jul 25 20:48:14 2021	1627271294	477	364	841	296
Sun Jul 25 20:48:08 2021	1627271288	650	192	842	178
Sun Jul 25 20:48:14 2021	1627271294	565	278	843	72
Sun Jul 25 20:48:10 2021	1627271290	481	364	845	177
Sun Jul 25 20:48:09 2021	1627271289	573	272	845	142
Sun Jul 25 20:48:08 2021	1627271288	669	187	856	63
Sun Jul 25 20:48:12 2021	1627271292	175	682	857	460
Sun Jul 25 20:48:09 2021	1627271289	448	411	859	191
Sun Jul 25 20:48:10 2021	1627271290	415	444	860	175
Sun Jul 25 20:48:09 2021	1627271289	654	206	860	164
Sun Jul 25 20:48:09 2021	1627271289	373	489	862	287
Sun Jul 25 20:48:15 2021	1627271295	598	265	863	159
Sun Jul 25 20:48:16 2021	1627271296	241	623	864	290
Sun Jul 25 20:48:12 2021	1627271292	692	174	866	120
Sun Jul 25 20:48:08 2021	1627271288	270	597	866	74
Sun Jul 25 20:48:14 2021	1627271294	689	178	867	104
Sun Jul 25 20:48:13 2021	1627271293	573	295	868	123
Sun Jul 25 20:48:13 2021	1627271293	581	288	869	146
Sun Jul 25 20:48:12 2021	1627271292	439	431	870	85
Sun Jul 25 20:48:13 2021	1627271293	521	350	871	209
Sun Jul 25 20:48:14 2021	1627271294	337	536	873	482
Sun Jul 25 20:48:15 2021	1627271295	621	252	873	150
Sun Jul 25 20:48:08 2021	1627271288	348	526	873	487
Sun Jul 25 20:48:15 2021	1627271295	457	418	876	294
Sun Jul 25 20:48:10 2021	1627271290	576	305	881	260
Sun Jul 25 20:48:14 2021	1627271294	313	569	882	529
Sun Jul 25 20:48:10 2021	1627271290	521	365	887	130
Sun Jul 25 20:48:14 2021	1627271294	479	408	887	318
Sun Jul 25 20:48:08 2021	1627271288	457	433	890	316
Sun Jul 25 20:48:12 2021	1627271292	717	176	893	122
Sun Jul 25 20:48:08 2021	1627271288	517	377	894	252
Sun Jul 25 20:48:10 2021	1627271290	752	142	894	84
Sun Jul 25 20:48:12 2021	1627271292	781	115	897	88
Sun Jul 25 20:48:08 2021	1627271288	126	772	899	398
Sun Jul 25 20:48:12 2021	1627271292	814	86	899	75
Sun Jul 25 20:48:10 2021	1627271290	454	446	900	194
Sun Jul 25 20:48:15 2021	1627271295	667	238	905	148
Sun Jul 25 20:48:10 2021	1627271290	494	423	917	189
Sun Jul 25 20:48:16 2021	1627271296	525	392	918	327
Sun Jul 25 20:48:11 2021	1627271291	358	561	919	229
Sun Jul 25 20:48:14 2021	1627271294	793	126	919	88
Sun Jul 25 20:48:08 2021	1627271288	531	392	922	228
Sun Jul 25 20:48:14 2021	1627271294	644	279	923	204
Sun Jul 25 20:48:08 2021	1627271288	504	422	926	248
Sun Jul 25 20:48:12 2021	1627271292	753	174	927	140
Sun Jul 25 20:48:14 2021	1627271294	651	278	929	207
Sun Jul 25 20:48:13 2021	1627271293	561	369	929	310
Sun Jul 25 20:48:14 2021	1627271294	754	179	932	104
Sun Jul 25 20:48:12 2021	1627271292	828	110	939	109
Sun Jul 25 20:48:11 2021	1627271291	745	196	941	159
Sun Jul 25 20:48:12 2021	1627271292	810	133	942	84
Sun Jul 25 20:48:08 2021	1627271288	448	495	942	294
Sun Jul 25 20:48:15 2021	1627271295	683	260	943	159
Sun Jul 25 20:48:09 2021	1627271289	757	187	944	146
Sun Jul 25 20:48:08 2021	1627271288	488	459	947	399
Sun Jul 25 20:48:08 2021	1627271288	645	306	952	56
Sun Jul 25 20:48:09 2021	1627271289	805	149	954	89
Sun Jul 25 20:48:12 2021	1627271292	484	476	960	386
Sun Jul 25 20:48:09 2021	1627271289	673	288	960	129
Sun Jul 25 20:48:14 2021	1627271294	427	535	963	524
Sun Jul 25 20:48:14 2021	1627271294	668	299	966	262
Sun Jul 25 20:48:11 2021	1627271291	765	203	968	128
Sun Jul 25 20:48:09 2021	1627271289	604	365	969	190
Sun Jul 25 20:48:10 2021	1627271290	605	364	969	85
Sun Jul 25 20:48:11 2021	1627271291	880	91	970	30
Sun Jul 25 20:48:16 2021	1627271296	689	282	972	238
Sun Jul 25 20:48:14 2021	1627271294	797	177	974	101
Sun Jul 25 20:48:14 2021	1627271294	845	133	978	58
Sun Jul 25 20:48:09 2021	1627271289	723	256	980	247
Sun Jul 25 20:48:08 2021	1627271288	538	442	980	324
Sun Jul 25 20:48:13 2021	1627271293	704	276	980	183
Sun Jul 25 20:48:12 2021	1627271292	831	150	981	134
Sun Jul 25 20:48:14 2021	1627271294	716	268	984	77
Sun Jul 25 20:48:10 2021	1627271290	378	610	988	281
Sun Jul 25 20:48:14 2021	1627271294	639	350	989	281
Sun Jul 25 20:48:08 2021	1627271288	359	630	989	224
Sun Jul 25 20:48:13 2021	1627271293	536	453	989	335
Sun Jul 25 20:48:16 2021	1627271296	666	323	989	308
Sun Jul 25 20:48:13 2021	1627271293	637	353	990	284
Sun Jul 25 20:48:09 2021	1627271289	619	371	990	224
Sun Jul 25 20:48:08 2021	1627271288	599	392	991	297
Sun Jul 25 20:48:08 2021	1627271288	535	460	995	398
Sun Jul 25 20:48:13 2021	1627271293	834	163	996	68
Sun Jul 25 20:48:10 2021	1627271290	513	484	997	294
Sun Jul 25 20:48:12 2021	1627271292	322	677	999	456
Sun Jul 25 20:48:10 2021	1627271290	359	640	1000	253
Sun Jul 25 20:48:13 2021	1627271293	616	389	1005	192
Sun Jul 25 20:48:16 2021	1627271296	725	282	1007	236
Sun Jul 25 20:48:16 2021	1627271296	721	286	1007	88
Sun Jul 25 20:48:14 2021	1627271294	659	349	1008	280
Sun Jul 25 20:48:08 2021	1627271288	572	442	1013	324
Sun Jul 25 20:48:14 2021	1627271294	708	307	1014	175
Sun Jul 25 20:48:10 2021	1627271290	529	487	1016	291
Sun Jul 25 20:48:10 2021	1627271290	412	606	1018	328
Sun Jul 25 20:48:09 2021	1627271289	753	268	1021	85
Sun Jul 25 20:48:15 2021	1627271295	591	434	1025	355
Sun Jul 25 20:48:13 2021	1627271293	598	429	1026	147
Sun Jul 25 20:48:10 2021	1627271290	816	211	1028	169
Sun Jul 25 20:48:09 2021	1627271289	586	444	1030	174
Sun Jul 25 20:48:07 2021	1627271287	403	629	1032	196
Sun Jul 25 20:48:16 2021	1627271296	814	222	1036	115
Sun Jul 25 20:48:16 2021	1627271296	869	168	1037	93
Sun Jul 25 20:48:09 2021	1627271289	558	479	1037	234
Sun Jul 25 20:48:13 2021	1627271293	899	139	1038	93
Sun Jul 25 20:48:14 2021	1627271294	517	523	1039	504
Sun Jul 25 20:48:13 2021	1627271293	590	450	1041	199
Sun Jul 25 20:48:14 2021	1627271294	303	738	1041	553
Sun Jul 25 20:48:14 2021	1627271294	225	817	1042	191
Sun Jul 25 20:48:10 2021	1627271290	391	652	1044	323
Sun Jul 25 20:48:10 2021	1627271290	498	549	1046	258
Sun Jul 25 20:48:13 2021	1627271293	862	185	1047	87
Sun Jul 25 20:48:09 2021	1627271289	848	200	1048	172
Sun Jul 25 20:48:10 2021	1627271290	433	615	1049	337
Sun Jul 25 20:48:12 2021	1627271292	939	109	1049	109
Sun Jul 25 20:48:09 2021	1627271289	827	222	1049	199
Sun Jul 25 20:48:12 2021	1627271292	924	125	1049	89
Sun Jul 25 20:48:10 2021	1627271290	414	636	1049	239
Sun Jul 25 20:48:15 2021	1627271295	735	315	1050	251
Sun Jul 25 20:48:16 2021	1627271296	951	100	1051	58
Sun Jul 25 20:48:10 2021	1627271290	594	457	1051	275
Sun Jul 25 20:48:15 2021	1627271295	476	576	1051	258
Sun Jul 25 20:48:13 2021	1627271293	552	500	1053	282
Sun Jul 25 20:48:12 2021	1627271292	195	859	1053	117
Sun Jul 25 20:48:08 2021	1627271288	593	460	1054	398
Sun Jul 25 20:48:13 2021	1627271293	671	384	1055	186
Sun Jul 25 20:48:10 2021	1627271290	835	221	1056	175
Sun Jul 25 20:48:09 2021	1627271289	655	403	1058	182
Sun Jul 25 20:48:15 2021	1627271295	765	295	1060	230
Sun Jul 25 20:48:10 2021	1627271290	848	212	1060	169
Sun Jul 25 20:48:10 2021	1627271290	520	542	1062	258
Sun Jul 25 20:48:08 2021	1627271288	641	421	1063	324
Sun Jul 25 20:48:15 2021	1627271295	811	251	1063	145
Sun Jul 25 20:48:16 2021	1627271296	899	169	1068	93
Sun Jul 25 20:48:11 2021	1627271291	521	547	1068	175
Sun Jul 25 20:48:15 2021	1627271295	820	249	1070	196
Sun Jul 25 20:48:08 2021	1627271288	616	454	1070	325
Sun Jul 25 20:48:13 2021	1627271293	902	169	1070	139
Sun Jul 25 20:48:09 2021	1627271289	653	419	1072	253
Sun Jul 25 20:48:14 2021	1627271294	710	361	1072	106
Sun Jul 25 20:48:14 2021	1627271294	702	371	1073	106
Sun Jul 25 20:48:16 2021	1627271296	733	341	1074	201
Sun Jul 25 20:48:13 2021	1627271293	941	136	1077	38
Sun Jul 25 20:48:08 2021	1627271288	571	517	1088	132
Sun Jul 25 20:48:10 2021	1627271290	765	324	1089	128
Sun Jul 25 20:48:14 2021	1627271294	395	699	1094	335
Sun Jul 25 20:48:12 2021	1627271292	1043	50	1094	50
Sun Jul 25 20:48:14 2021	1627271294	741	360	1101	102
Sun Jul 25 20:48:14 2021	1627271294	703	398	1102	128
Sun Jul 25 20:48:09 2021	1627271289	494	610	1104	340
Sun Jul 25 20:48:14 2021	1627271294	883	223	1106	150
Sun Jul 25 20:48:16 2021	1627271296	895	211	1106	208
Sun Jul 25 20:48:14 2021	1627271294	833	274	1107	208
Sun Jul 25 20:48:11 2021	1627271291	902	207	1109	139
Sun Jul 25 20:48:14 2021	1627271294	725	384	1109	314
Sun Jul 25 20:48:09 2021	1627271289	497	613	1111	525
Sun Jul 25 20:48:13 2021	1627271293	666	446	1112	270
Sun Jul 25 20:48:16 2021	1627271296	866	247	1113	234
Sun Jul 25 20:48:13 2021	1627271293	649	467	1116	223
Sun Jul 25 20:48:08 2021	1627271288	843	274	1116	142
Sun Jul 25 20:48:10 2021	1627271290	527	591	1118	259
Sun Jul 25 20:48:14 2021	1627271294	721	399	1120	139
Sun Jul 25 20:48:08 2021	1627271288	911	211	1123	161
Sun Jul 25 20:48:09 2021	1627271289	484	639	1123	253
Sun Jul 25 20:48:13 2021	1627271293	626	501	1127	282
Sun Jul 25 20:48:08 2021	1627271288	929	198	1127	173
Sun Jul 25 20:48:10 2021	1627271290	596	532	1128	221
Sun Jul 25 20:48:10 2021	1627271290	463	665	1128	281
Sun Jul 25 20:48:15 2021	1627271295	634	495	1129	376
Sun Jul 25 20:48:14 2021	1627271294	714	416	1130	138
Sun Jul 25 20:48:14 2021	1627271294	746	386	1132	324
Sun Jul 25 20:48:14 2021	1627271294	751	381	1133	353
Sun Jul 25 20:48:13 2021	1627271293	893	240	1133	238
Sun Jul 25 20:48:14 2021	1627271294	756	379	1134	122
Sun Jul 25 20:48:16 2021	1627271296	787	348	1135	210
Sun Jul 25 20:48:09 2021	1627271289	755	381	1136	155
Sun Jul 25 20:48:14 2021	1627271294	766	372	1138	122
Sun Jul 25 20:48:09 2021	1627271289	988	150	1138	89
Sun Jul 25 20:48:10 2021	1627271290	955	184	1139	152
Sun Jul 25 20:48:14 2021	1627271294	405	739	1144	559
Sun Jul 25 20:48:09 2021	1627271289	711	433	1144	269
Sun Jul 25 20:48:15 2021	1627271295	517	630	1147	216
Sun Jul 25 20:48:13 2021	1627271293	1006	142	1148	46
Sun Jul 25 20:48:13 2021	1627271293	760	388	1148	184
Sun Jul 25 20:48:14 2021	1627271294	321	833	1154	216
Sun Jul 25 20:48:09 2021	1627271289	914	241	1156	198
Sun Jul 25 20:48:09 2021	1627271289	965	191	1156	151
Sun Jul 25 20:48:13 2021	1627271293	988	169	1157	139
Sun Jul 25 20:48:09 2021	1627271289	850	309	1158	269
Sun Jul 25 20:48:14 2021	1627271294	741	419	1159	252
Sun Jul 25 20:48:09 2021	1627271289	614	546	1160	521
Sun Jul 25 20:48:09 2021	1627271289	924	238	1161	206
Sun Jul 25 20:48:15 2021	1627271295	914	248	1162	197
Sun Jul 25 20:48:14 2021	1627271294	778	385	1163	318
Sun Jul 25 20:48:15 2021	1627271295	803	364	1166	268
Sun Jul 25 20:48:10 2021	1627271290	1054	113	1166	99
Sun Jul 25 20:48:11 2021	1627271291	595	573	1167	194
Sun Jul 25 20:48:08 2021	1627271288	879	289	1168	173
Sun Jul 25 20:48:14 2021	1627271294	469	700	1169	371
Sun Jul 25 20:48:14 2021	1627271294	751	420	1171	263
Sun Jul 25 20:48:10 2021	1627271290	923	249	1172	164
Sun Jul 25 20:48:14 2021	1627271294	755	417	1172	139
Sun Jul 25 20:48:14 2021	1627271294	473	700	1173	86
Sun Jul 25 20:48:15 2021	1627271295	643	531	1174	446
Sun Jul 25 20:48:12 2021	1627271292	717	457	1174	367
Sun Jul 25 20:48:11 2021	1627271291	948	229	1176	133
Sun Jul 25 20:48:09 2021	1627271289	957	220	1177	157
Sun Jul 25 20:48:14 2021	1627271294	763	417	1180	223
Sun Jul 25 20:48:16 2021	1627271296	734	447	1181	280
Sun Jul 25 20:48:14 2021	1627271294	780	405	1185	248
Sun Jul 25 20:48:11 2021	1627271291	757	432	1189	401
Sun Jul 25 20:48:09 2021	1627271289	860	329	1190	289
Sun Jul 25 20:48:12 2021	1627271292	565	625	1190	475
Sun Jul 25 20:48:14 2021	1627271294	773	418	1190	251
Sun Jul 25 20:48:11 2021	1627271291	988	206	1194	139
Sun Jul 25 20:48:08 2021	1627271288	938	260	1198	240
Sun Jul 25 20:48:15 2021	1627271295	699	499	1198	376
Sun Jul 25 20:48:14 2021	1627271294	774	425	1199	401
Sun Jul 25 20:48:11 2021	1627271291	796	407	1203	246
Sun Jul 25 20:48:14 2021	1627271294	833	371	1204	105
Sun Jul 25 20:48:12 2021	1627271292	1002	210	1213	200
Sun Jul 25 20:48:09 2021	1627271289	770	443	1213	402
Sun Jul 25 20:48:08 2021	1627271288	925	292	1217	169
Sun Jul 25 20:48:12 2021	1627271292	759	459	1217	368
Sun Jul 25 20:48:09 2021	1627271289	734	484	1218	297
Sun Jul 25 20:48:10 2021	1627271290	997	222	1220	176
Sun Jul 25 20:48:09 2021	1627271289	683	537	1220	292
Sun Jul 25 20:48:09 2021	1627271289	585	638	1223	241
Sun Jul 25 20:48:10 2021	1627271290	514	710	1224	176
Sun Jul 25 20:48:14 2021	1627271294	1080	147	1227	73
Sun Jul 25 20:48:14 2021	1627271294	857	371	1228	121
Sun Jul 25 20:48:08 2021	1627271288	919	312	1232	191
Sun Jul 25 20:48:12 2021	1627271292	803	430	1233	207
Sun Jul 25 20:48:16 2021	1627271296	636	597	1233	395
Sun Jul 25 20:48:12 2021	1627271292	787	446	1233	355
Sun Jul 25 20:48:13 2021	1627271293	686	549	1235	300
Sun Jul 25 20:48:15 2021	1627271295	739	496	1235	389
Sun Jul 25 20:48:14 2021	1627271294	841	403	1244	372
Sun Jul 25 20:48:10 2021	1627271290	718	528	1246	294
Sun Jul 25 20:48:13 2021	1627271293	1091	159	1249	64
Sun Jul 25 20:48:11 2021	1627271291	828	424	1251	35
Sun Jul 25 20:48:11 2021	1627271291	1036	216	1252	133
Sun Jul 25 20:48:12 2021	1627271292	433	820	1252	569
Sun Jul 25 20:48:15 2021	1627271295	694	560	1254	258
Sun Jul 25 20:48:12 2021	1627271292	668	586	1254	341
Sun Jul 25 20:48:11 2021	1627271291	1118	140	1257	102
Sun Jul 25 20:48:14 2021	1627271294	854	407	1261	244
Sun Jul 25 20:48:15 2021	1627271295	843	421	1264	271
Sun Jul 25 20:48:14 2021	1627271294	851	418	1269	224
Sun Jul 25 20:48:14 2021	1627271294	918	363	1282	34
Sun Jul 25 20:48:11 2021	1627271291	1010	272	1282	241
Sun Jul 25 20:48:13 2021	1627271293	1150	133	1283	94
Sun Jul 25 20:48:14 2021	1627271294	865	418	1283	251
Sun Jul 25 20:48:14 2021	1627271294	591	698	1289	87
Sun Jul 25 20:48:11 2021	1627271291	831	459	1290	283
Sun Jul 25 20:48:11 2021	1627271291	733	558	1291	524
Sun Jul 25 20:48:15 2021	1627271295	1170	123	1293	93
Sun Jul 25 20:48:09 2021	1627271289	878	415	1293	246
Sun Jul 25 20:48:12 2021	1627271292	966	329	1295	248
Sun Jul 25 20:48:09 2021	1627271289	689	607	1296	189
Sun Jul 25 20:48:09 2021	1627271289	816	481	1296	314
Sun Jul 25 20:48:16 2021	1627271296	875	428	1303	309
Sun Jul 25 20:48:14 2021	1627271294	916	390	1306	184
Sun Jul 25 20:48:15 2021	1627271295	936	373	1309	191
Sun Jul 25 20:48:15 2021	1627271295	1200	113	1313	73
Sun Jul 25 20:48:14 2021	1627271294	577	737	1314	656
Sun Jul 25 20:48:12 2021	1627271292	991	329	1320	286
Sun Jul 25 20:48:13 2021	1627271293	1147	184	1330	87
Sun Jul 25 20:48:12 2021	1627271292	1035	299	1335	298
Sun Jul 25 20:48:10 2021	1627271290	511	825	1335	305
Sun Jul 25 20:48:16 2021	1627271296	906	430	1336	315
Sun Jul 25 20:48:15 2021	1627271295	919	420	1339	271
Sun Jul 25 20:48:16 2021	1627271296	1098	243	1342	229
Sun Jul 25 20:48:14 2021	1627271294	860	483	1343	350
Sun Jul 25 20:48:12 2021	1627271292	975	372	1347	262
Sun Jul 25 20:48:14 2021	1627271294	716	636	1352	557
Sun Jul 25 20:48:07 2021	1627271287	340	1015	1355	198
Sun Jul 25 20:48:16 2021	1627271296	909	447	1355	271
Sun Jul 25 20:48:08 2021	1627271288	646	711	1357	211
Sun Jul 25 20:48:09 2021	1627271289	728	633	1361	259
Sun Jul 25 20:48:14 2021	1627271294	758	604	1362	525
Sun Jul 25 20:48:16 2021	1627271296	1124	243	1367	229
Sun Jul 25 20:48:15 2021	1627271295	1258	113	1371	73
Sun Jul 25 20:48:16 2021	1627271296	464	909	1373	471
Sun Jul 25 20:48:13 2021	1627271293	1189	185	1374	159
Sun Jul 25 20:48:11 2021	1627271291	552	823	1375	365
Sun Jul 25 20:48:11 2021	1627271291	970	406	1377	241
Sun Jul 25 20:48:13 2021	1627271293	866	516	1381	294
Sun Jul 25 20:48:11 2021	1627271291	887	497	1384	215
Sun Jul 25 20:48:15 2021	1627271295	696	689	1385	166
Sun Jul 25 20:48:11 2021	1627271291	943	443	1385	234
Sun Jul 25 20:48:15 2021	1627271295	1266	121	1387	83
Sun Jul 25 20:48:11 2021	1627271291	1004	384	1388	168
Sun Jul 25 20:48:14 2021	1627271294	767	621	1388	561
Sun Jul 25 20:48:14 2021	1627271294	734	655	1389	571
Sun Jul 25 20:48:09 2021	1627271289	912	478	1390	299
Sun Jul 25 20:48:12 2021	1627271292	944	448	1392	332
Sun Jul 25 20:48:16 2021	1627271296	917	476	1392	328
Sun Jul 25 20:48:14 2021	1627271294	882	516	1398	179
Sun Jul 25 20:48:10 2021	1627271290	1111	289	1400	250
Sun Jul 25 20:48:07 2021	1627271287	419	984	1403	128
Sun Jul 25 20:48:16 2021	1627271296	495	909	1404	471
Sun Jul 25 20:48:11 2021	1627271291	1205	201	1406	129
Sun Jul 25 20:48:12 2021	1627271292	563	854	1418	220
Sun Jul 25 20:48:14 2021	1627271294	712	708	1420	86
Sun Jul 25 20:48:09 2021	1627271289	950	477	1427	292
Sun Jul 25 20:48:13 2021	1627271293	1242	185	1428	159
Sun Jul 25 20:48:09 2021	1627271289	887	544	1431	299
Sun Jul 25 20:48:11 2021	1627271291	940	492	1432	216
Sun Jul 25 20:48:12 2021	1627271292	987	447	1434	195
Sun Jul 25 20:48:16 2021	1627271296	528	908	1436	471
Sun Jul 25 20:48:09 2021	1627271289	811	626	1437	249
Sun Jul 25 20:48:10 2021	1627271290	558	879	1437	259
Sun Jul 25 20:48:10 2021	1627271290	565	878	1443	259
Sun Jul 25 20:48:12 2021	1627271292	821	623	1444	406
Sun Jul 25 20:48:14 2021	1627271294	958	487	1445	146
Sun Jul 25 20:48:08 2021	1627271288	627	819	1446	465
Sun Jul 25 20:48:10 2021	1627271290	735	716	1451	324
Sun Jul 25 20:48:15 2021	1627271295	761	691	1452	166
Sun Jul 25 20:48:11 2021	1627271291	1269	183	1452	150
Sun Jul 25 20:48:11 2021	1627271291	950	505	1455	152
Sun Jul 25 20:48:14 2021	1627271294	703	757	1460	412
Sun Jul 25 20:48:15 2021	1627271295	1340	125	1465	93
Sun Jul 25 20:48:14 2021	1627271294	712	755	1467	404
Sun Jul 25 20:48:13 2021	1627271293	1297	171	1467	142
Sun Jul 25 20:48:15 2021	1627271295	1004	464	1468	200
Sun Jul 25 20:48:09 2021	1627271289	732	736	1469	260
Sun Jul 25 20:48:09 2021	1627271289	1220	249	1469	169
Sun Jul 25 20:48:07 2021	1627271287	453	1017	1470	106
Sun Jul 25 20:48:07 2021	1627271287	441	1029	1470	120
Sun Jul 25 20:48:12 2021	1627271292	793	681	1474	427
Sun Jul 25 20:48:08 2021	1627271288	647	829	1476	472
Sun Jul 25 20:48:11 2021	1627271291	928	549	1478	456
Sun Jul 25 20:48:14 2021	1627271294	721	757	1478	419
Sun Jul 25 20:48:12 2021	1627271292	930	548	1478	290
Sun Jul 25 20:48:08 2021	1627271288	1285	195	1480	124
Sun Jul 25 20:48:11 2021	1627271291	978	502	1480	350
Sun Jul 25 20:48:11 2021	1627271291	1078	415	1494	370
Sun Jul 25 20:48:07 2021	1627271287	1366	142	1508	64
Sun Jul 25 20:48:15 2021	1627271295	1024	484	1508	319
Sun Jul 25 20:48:07 2021	1627271287	1341	168	1509	96
Sun Jul 25 20:48:08 2021	1627271288	807	703	1510	393
Sun Jul 25 20:48:07 2021	1627271287	1352	159	1511	110
Sun Jul 25 20:48:07 2021	1627271287	1357	155	1513	105
Sun Jul 25 20:48:07 2021	1627271287	1364	150	1514	112
Sun Jul 25 20:48:10 2021	1627271290	620	895	1515	280
Sun Jul 25 20:48:11 2021	1627271291	1026	494	1519	209
Sun Jul 25 20:48:15 2021	1627271295	1037	485	1522	177
Sun Jul 25 20:48:10 2021	1627271290	692	831	1523	312
Sun Jul 25 20:48:14 2021	1627271294	918	605	1523	555
Sun Jul 25 20:48:14 2021	1627271294	742	784	1526	500
Sun Jul 25 20:48:14 2021	1627271294	1130	398	1528	372
Sun Jul 25 20:48:12 2021	1627271292	892	639	1531	496
Sun Jul 25 20:48:10 2021	1627271290	1272	263	1535	221
Sun Jul 25 20:48:11 2021	1627271291	1121	416	1537	352
Sun Jul 25 20:48:12 2021	1627271292	919	625	1544	479
Sun Jul 25 20:48:14 2021	1627271294	753	791	1544	525
Sun Jul 25 20:48:12 2021	1627271292	550	999	1550	367
Sun Jul 25 20:48:10 2021	1627271290	1324	227	1551	194
Sun Jul 25 20:48:10 2021	1627271290	1261	291	1551	250
Sun Jul 25 20:48:10 2021	1627271290	547	1004	1552	266
Sun Jul 25 20:48:08 2021	1627271288	1175	380	1556	302
Sun Jul 25 20:48:09 2021	1627271289	1102	456	1558	220
Sun Jul 25 20:48:15 2021	1627271295	1070	488	1558	452
Sun Jul 25 20:48:14 2021	1627271294	766	793	1559	558
Sun Jul 25 20:48:08 2021	1627271288	1365	195	1560	125
Sun Jul 25 20:48:10 2021	1627271290	1269	292	1561	250
Sun Jul 25 20:48:11 2021	1627271291	845	717	1562	217
Sun Jul 25 20:48:08 2021	1627271288	1287	278	1565	145
Sun Jul 25 20:48:09 2021	1627271289	1103	465	1568	280
Sun Jul 25 20:48:10 2021	1627271290	956	626	1582	383
Sun Jul 25 20:48:14 2021	1627271294	827	756	1583	679
Sun Jul 25 20:48:14 2021	1627271294	1038	546	1584	260
Sun Jul 25 20:48:14 2021	1627271294	792	792	1584	558
Sun Jul 25 20:48:11 2021	1627271291	736	849	1585	414
Sun Jul 25 20:48:12 2021	1627271292	1000	588	1588	335
Sun Jul 25 20:48:13 2021	1627271293	1404	189	1593	162
Sun Jul 25 20:48:13 2021	1627271293	1163	430	1593	341
Sun Jul 25 20:48:11 2021	1627271291	886	720	1607	523
Sun Jul 25 20:48:07 2021	1627271287	446	1165	1610	329
Sun Jul 25 20:48:14 2021	1627271294	856	756	1612	408
Sun Jul 25 20:48:10 2021	1627271290	1324	290	1613	250
Sun Jul 25 20:48:10 2021	1627271290	617	999	1615	259
Sun Jul 25 20:48:12 2021	1627271292	580	1038	1618	444
Sun Jul 25 20:48:09 2021	1627271289	1167	455	1622	279
Sun Jul 25 20:48:14 2021	1627271294	873	749	1622	310
Sun Jul 25 20:48:13 2021	1627271293	1199	429	1628	341
Sun Jul 25 20:48:10 2021	1627271290	870	762	1632	254
Sun Jul 25 20:48:14 2021	1627271294	1088	547	1635	260
Sun Jul 25 20:48:08 2021	1627271288	1102	534	1636	351
Sun Jul 25 20:48:10 2021	1627271290	812	826	1637	479
Sun Jul 25 20:48:11 2021	1627271291	811	831	1642	398
Sun Jul 25 20:48:12 2021	1627271292	625	1018	1643	386
Sun Jul 25 20:48:14 2021	1627271294	1100	547	1646	260
Sun Jul 25 20:48:10 2021	1627271290	733	918	1650	395
Sun Jul 25 20:48:15 2021	1627271295	957	695	1651	315
Sun Jul 25 20:48:09 2021	1627271289	988	665	1653	501
Sun Jul 25 20:48:13 2021	1627271293	1525	128	1654	89
Sun Jul 25 20:48:08 2021	1627271288	1395	262	1657	93
Sun Jul 25 20:48:14 2021	1627271294	1045	619	1663	338
Sun Jul 25 20:48:14 2021	1627271294	1127	545	1672	332
Sun Jul 25 20:48:09 2021	1627271289	1210	462	1672	280
Sun Jul 25 20:48:10 2021	1627271290	902	773	1675	391
Sun Jul 25 20:48:15 2021	1627271295	1195	486	1681	177
Sun Jul 25 20:48:10 2021	1627271290	1213	469	1682	311
Sun Jul 25 20:48:15 2021	1627271295	1001	681	1682	448
Sun Jul 25 20:48:15 2021	1627271295	1276	414	1690	399
Sun Jul 25 20:48:08 2021	1627271288	1318	375	1693	320
Sun Jul 25 20:48:14 2021	1627271294	1194	500	1695	263
Sun Jul 25 20:48:11 2021	1627271291	1286	414	1700	349
Sun Jul 25 20:48:13 2021	1627271293	1255	446	1700	354
Sun Jul 25 20:48:08 2021	1627271288	1135	570	1705	351
Sun Jul 25 20:48:14 2021	1627271294	1203	502	1706	269
Sun Jul 25 20:48:11 2021	1627271291	1190	518	1708	272
Sun Jul 25 20:48:10 2021	1627271290	930	782	1712	336
Sun Jul 25 20:48:07 2021	1627271287	478	1235	1713	946
Sun Jul 25 20:48:08 2021	1627271288	1349	364	1713	314
Sun Jul 25 20:48:10 2021	1627271290	594	1124	1718	600
Sun Jul 25 20:48:10 2021	1627271290	725	1005	1730	266
Sun Jul 25 20:48:15 2021	1627271295	1039	694	1732	315
Sun Jul 25 20:48:10 2021	1627271290	901	832	1733	384
Sun Jul 25 20:48:13 2021	1627271293	1555	181	1737	154
Sun Jul 25 20:48:14 2021	1627271294	1235	501	1737	264
Sun Jul 25 20:48:13 2021	1627271293	1023	713	1737	93
Sun Jul 25 20:48:08 2021	1627271288	1157	589	1746	422
Sun Jul 25 20:48:11 2021	1627271291	1036	719	1754	492
Sun Jul 25 20:48:11 2021	1627271291	1240	517	1757	271
Sun Jul 25 20:48:12 2021	1627271292	688	1073	1761	440
Sun Jul 25 20:48:13 2021	1627271293	1055	715	1770	93
Sun Jul 25 20:48:15 2021	1627271295	1086	696	1782	315
Sun Jul 25 20:48:08 2021	1627271288	868	921	1789	591
Sun Jul 25 20:48:14 2021	1627271294	1247	543	1790	360
Sun Jul 25 20:48:11 2021	1627271291	1075	721	1797	523
Sun Jul 25 20:48:14 2021	1627271294	1256	542	1798	360
Sun Jul 25 20:48:07 2021	1627271287	1431	376	1807	251
Sun Jul 25 20:48:12 2021	1627271292	718	1091	1809	497
Sun Jul 25 20:48:10 2021	1627271290	1306	510	1816	268
Sun Jul 25 20:48:07 2021	1627271287	1539	277	1817	262
Sun Jul 25 20:48:13 2021	1627271293	1113	714	1827	93
Sun Jul 25 20:48:07 2021	1627271287	667	1161	1828	836
Sun Jul 25 20:48:07 2021	1627271287	1435	409	1844	307
Sun Jul 25 20:48:07 2021	1627271287	1431	414	1845	312
Sun Jul 25 20:48:07 2021	1627271287	1436	432	1868	315
Sun Jul 25 20:48:07 2021	1627271287	1774	102	1876	42
Sun Jul 25 20:48:07 2021	1627271287	1774	102	1876	41
Sun Jul 25 20:48:07 2021	1627271287	1425	454	1879	393
Sun Jul 25 20:48:07 2021	1627271287	1430	450	1880	393
Sun Jul 25 20:48:07 2021	1627271287	1436	444	1880	386
Sun Jul 25 20:48:07 2021	1627271287	1696	187	1882	148
Sun Jul 25 20:48:07 2021	1627271287	1436	448	1884	379
Sun Jul 25 20:48:15 2021	1627271295	1478	416	1893	336
Sun Jul 25 20:48:12 2021	1627271292	584	1310	1894	702
Sun Jul 25 20:48:07 2021	1627271287	1432	467	1899	183
Sun Jul 25 20:48:13 2021	1627271293	1505	400	1906	349
Sun Jul 25 20:48:13 2021	1627271293	1617	300	1916	208
Sun Jul 25 20:48:08 2021	1627271288	1111	807	1918	479
Sun Jul 25 20:48:10 2021	1627271290	1196	737	1933	420
Sun Jul 25 20:48:10 2021	1627271290	1022	925	1946	579
Sun Jul 25 20:48:12 2021	1627271292	1468	483	1951	461
Sun Jul 25 20:48:12 2021	1627271292	1620	348	1968	296
Sun Jul 25 20:48:12 2021	1627271292	1474	495	1969	404
Sun Jul 25 20:48:10 2021	1627271290	610	1370	1980	867
Sun Jul 25 20:48:12 2021	1627271292	1431	563	1994	496
Sun Jul 25 20:48:08 2021	1627271288	1115	893	2008	471
Sun Jul 25 20:48:12 2021	1627271292	707	1326	2033	632
Sun Jul 25 20:48:12 2021	1627271292	1396	637	2033	603
Sun Jul 25 20:48:12 2021	1627271292	1572	483	2055	462
Sun Jul 25 20:48:12 2021	1627271292	1732	328	2060	275
Sun Jul 25 20:48:07 2021	1627271287	1854	221	2075	170
Sun Jul 25 20:48:07 2021	1627271287	1855	222	2077	179
Sun Jul 25 20:48:07 2021	1627271287	1862	219	2081	197
Sun Jul 25 20:48:07 2021	1627271287	1867	214	2082	190
Sun Jul 25 20:48:07 2021	1627271287	1906	184	2090	117
Sun Jul 25 20:48:07 2021	1627271287	1908	188	2096	117
Sun Jul 25 20:48:10 2021	1627271290	621	1475	2096	735
Sun Jul 25 20:48:07 2021	1627271287	1907	189	2096	127
Sun Jul 25 20:48:07 2021	1627271287	1883	213	2097	161
Sun Jul 25 20:48:07 2021	1627271287	1885	214	2099	160
Sun Jul 25 20:48:12 2021	1627271292	1635	471	2106	421
Sun Jul 25 20:48:10 2021	1627271290	981	1128	2109	627
Sun Jul 25 20:48:10 2021	1627271290	999	1127	2125	627
Sun Jul 25 20:48:12 2021	1627271292	903	1225	2129	551
Sun Jul 25 20:48:08 2021	1627271288	1243	907	2150	445
Sun Jul 25 20:48:10 2021	1627271290	1144	1078	2222	740
Sun Jul 25 20:48:12 2021	1627271292	1543	684	2227	475
Sun Jul 25 20:48:12 2021	1627271292	1259	1030	2289	535
Sun Jul 25 20:48:12 2021	1627271292	1386	962	2348	485
Sun Jul 25 20:48:07 2021	1627271287	1816	547	2363	181
Sun Jul 25 20:48:12 2021	1627271292	1464	960	2424	465
Sun Jul 25 20:48:07 2021	1627271287	2258	182	2440	53
Sun Jul 25 20:48:12 2021	1627271292	1488	990	2478	569
Sun Jul 25 20:48:12 2021	1627271292	1529	961	2490	466
Sun Jul 25 20:48:11 2021	1627271291	1465	1049	2514	563
Sun Jul 25 20:48:12 2021	1627271292	1473	1067	2539	582
Sun Jul 25 20:48:07 2021	1627271287	2262	278	2541	113
Sun Jul 25 20:48:07 2021	1627271287	2263	279	2542	118
Sun Jul 25 20:48:07 2021	1627271287	2265	279	2543	146
Sun Jul 25 20:48:07 2021	1627271287	2268	280	2548	145
Sun Jul 25 20:48:12 2021	1627271292	1649	911	2560	452
Sun Jul 25 20:48:11 2021	1627271291	1351	1289	2640	782
Sun Jul 25 20:48:11 2021	1627271291	1541	1127	2668	350
Sun Jul 25 20:48:11 2021	1627271291	1578	1122	2700	338
Sun Jul 25 20:48:11 2021	1627271291	1546	1162	2707	628
Sun Jul 25 20:48:11 2021	1627271291	1467	1242	2708	662
Sun Jul 25 20:48:11 2021	1627271291	1424	1290	2714	784
Sun Jul 25 20:48:11 2021	1627271291	1493	1254	2747	789
Sun Jul 25 20:48:11 2021	1627271291	1759	1027	2786	580
Sun Jul 25 20:48:11 2021	1627271291	1669	1128	2797	345
Sun Jul 25 20:48:11 2021	1627271291	1547	1279	2825	690
Sun Jul 25 20:48:11 2021	1627271291	1628	1243	2870	662
Sun Jul 25 20:48:07 2021	1627271287	2098	904	3002	404
Sun Jul 25 20:48:07 2021	1627271287	2114	893	3007	472
Sun Jul 25 20:48:07 2021	1627271287	2114	894	3008	472
Sun Jul 25 20:48:07 2021	1627271287	2115	895	3010	471
Sun Jul 25 20:48:07 2021	1627271287	2169	888	3057	428
Sun Jul 25 20:48:11 2021	1627271291	1767	1376	3143	782
